location_id,location_raw,city,country,work_location_type,created_at
1,"aberdeen proving ground, md",aberdeen proving ground,md,On-site,2026-01-08 11:38:49.179210+01:00
2,"abilene, tx",abilene,tx,On-site,2026-01-08 11:38:49.179210+01:00
3,"addison, tx",addison,tx,On-site,2026-01-08 11:38:49.179210+01:00
4,"albany, ny",albany,ny,On-site,2026-01-08 11:38:49.179210+01:00
5,"alexandria, va",alexandria,va,On-site,2026-01-08 11:38:49.179210+01:00
6,"all, mo",all,mo,On-site,2026-01-08 11:38:49.179210+01:00
7,"alpharetta, ga",alpharetta,ga,On-site,2026-01-08 11:38:49.179210+01:00
8,"anchorage, ak",anchorage,ak,On-site,2026-01-08 11:38:49.179210+01:00
9,"ann arbor, mi",ann arbor,mi,On-site,2026-01-08 11:38:49.179210+01:00
10,"annapolis junction, md",annapolis junction,md,On-site,2026-01-08 11:38:49.179210+01:00
11,antigua and barbuda,antigua and barbuda,Not Specified,On-site,2026-01-08 11:38:49.179210+01:00
12,are,are,Not Specified,On-site,2026-01-08 11:38:49.179210+01:00
13,"arizona, united states",arizona,united states,On-site,2026-01-08 11:38:49.179210+01:00
14,"arlington, va",arlington,va,On-site,2026-01-08 11:38:49.179210+01:00
15,armenia,armenia,Not Specified,On-site,2026-01-08 11:38:49.179210+01:00
16,aruba,aruba,Not Specified,On-site,2026-01-08 11:38:49.179210+01:00
17,"ashburn, va",ashburn,va,On-site,2026-01-08 11:38:49.179210+01:00
18,"atlanta, ga",atlanta,ga,On-site,2026-01-08 11:38:49.179210+01:00
19,"augusta, ga",augusta,ga,On-site,2026-01-08 11:38:49.179210+01:00
20,"aurora, co",aurora,co,On-site,2026-01-08 11:38:49.179210+01:00
21,aus,aus,Not Specified,On-site,2026-01-08 11:38:49.179210+01:00
22,"austin, texas metropolitan area",austin,texas metropolitan area,On-site,2026-01-08 11:38:49.179210+01:00
23,"austin, tx",austin,tx,On-site,2026-01-08 11:38:49.179210+01:00
24,australia,australia,Not Specified,On-site,2026-01-08 11:38:49.179210+01:00
25,austria,austria,Not Specified,On-site,2026-01-08 11:38:49.179210+01:00
26,"azcapotzalco, mexico city, mexico",azcapotzalco,"mexico city, mexico",On-site,2026-01-08 11:38:49.179210+01:00
27,bahrain,bahrain,Not Specified,On-site,2026-01-08 11:38:49.179210+01:00
28,"bala-cynwyd, pa",bala-cynwyd,pa,On-site,2026-01-08 11:38:49.179210+01:00
29,"baltimore, md",baltimore,md,On-site,2026-01-08 11:38:49.179210+01:00
30,bangladesh,bangladesh,Not Specified,On-site,2026-01-08 11:38:49.179210+01:00
31,"beaverton, or",beaverton,or,On-site,2026-01-08 11:38:49.179210+01:00
32,"bedford, ma",bedford,ma,On-site,2026-01-08 11:38:49.179210+01:00
33,bel,bel,Not Specified,On-site,2026-01-08 11:38:49.179210+01:00
34,belgium,belgium,Not Specified,On-site,2026-01-08 11:38:49.179210+01:00
35,"belleville, ontario, canada",belleville,"ontario, canada",On-site,2026-01-08 11:38:49.179210+01:00
36,"bellevue, wa",bellevue,wa,On-site,2026-01-08 11:38:49.179210+01:00
37,"benito juárez, mexico city, mexico",benito juárez,"mexico city, mexico",On-site,2026-01-08 11:38:49.179210+01:00
38,"bensalem, pa",bensalem,pa,On-site,2026-01-08 11:38:49.179210+01:00
39,"bentonville, ar",bentonville,ar,On-site,2026-01-08 11:38:49.179210+01:00
40,"berkeley, ca",berkeley,ca,On-site,2026-01-08 11:38:49.179210+01:00
41,"bethesda, md",bethesda,md,On-site,2026-01-08 11:38:49.179210+01:00
42,"beverly hills, ca",beverly hills,ca,On-site,2026-01-08 11:38:49.179210+01:00
43,bgd,bgd,Not Specified,On-site,2026-01-08 11:38:49.179210+01:00
44,bhr,bhr,Not Specified,On-site,2026-01-08 11:38:49.179210+01:00
45,"birmingham, al",birmingham,al,On-site,2026-01-08 11:38:49.179210+01:00
46,"boca raton, fl",boca raton,fl,On-site,2026-01-08 11:38:49.179210+01:00
47,"boise, id",boise,id,On-site,2026-01-08 11:38:49.179210+01:00
48,"boston, ma",boston,ma,On-site,2026-01-08 11:38:49.179210+01:00
49,"bowie, md",bowie,md,On-site,2026-01-08 11:38:49.179210+01:00
50,"boynton beach, fl",boynton beach,fl,On-site,2026-01-08 11:38:49.179210+01:00
51,"branchburg, nj",branchburg,nj,On-site,2026-01-08 11:38:49.179210+01:00
52,brazil,brazil,Not Specified,On-site,2026-01-08 11:38:49.179210+01:00
53,"brentwood, tn",brentwood,tn,On-site,2026-01-08 11:38:49.179210+01:00
54,"brookhaven, ga",brookhaven,ga,On-site,2026-01-08 11:38:49.179210+01:00
55,"brooklyn, ny",brooklyn,ny,On-site,2026-01-08 11:38:49.179210+01:00
56,"buffalo grove, il",buffalo grove,il,On-site,2026-01-08 11:38:49.179210+01:00
57,bulgaria,bulgaria,Not Specified,On-site,2026-01-08 11:38:49.179210+01:00
58,"burlington, ontario, canada",burlington,"ontario, canada",On-site,2026-01-08 11:38:49.179210+01:00
59,"burnaby, british columbia, canada",burnaby,"british columbia, canada",On-site,2026-01-08 11:38:49.179210+01:00
60,"burnsville, mn",burnsville,mn,On-site,2026-01-08 11:38:49.179210+01:00
61,"calabasas, ca",calabasas,ca,On-site,2026-01-08 11:38:49.179210+01:00
62,"caldwell, id",caldwell,id,On-site,2026-01-08 11:38:49.179210+01:00
63,"calgary, alberta, canada",calgary,"alberta, canada",On-site,2026-01-08 11:38:49.179210+01:00
64,"california, united states",california,united states,On-site,2026-01-08 11:38:49.179210+01:00
65,"cambridge, ma",cambridge,ma,On-site,2026-01-08 11:38:49.179210+01:00
66,"campbell, ca",campbell,ca,On-site,2026-01-08 11:38:49.179210+01:00
67,can,can,Not Specified,On-site,2026-01-08 11:38:49.179210+01:00
68,canada,canada,Not Specified,On-site,2026-01-08 11:38:49.179210+01:00
69,"canada, ky",canada,ky,On-site,2026-01-08 11:38:49.179210+01:00
70,"carmel, in",carmel,in,On-site,2026-01-08 11:38:49.179210+01:00
71,"cary, nc",cary,nc,On-site,2026-01-08 11:38:49.179210+01:00
72,"cedar rapids, ia",cedar rapids,ia,On-site,2026-01-08 11:38:49.179210+01:00
73,"celaya, guanajuato, mexico",celaya,"guanajuato, mexico",On-site,2026-01-08 11:38:49.179210+01:00
74,"center, in",center,in,On-site,2026-01-08 11:38:49.179210+01:00
75,"centreville, va",centreville,va,On-site,2026-01-08 11:38:49.179210+01:00
76,"cerritos, ca",cerritos,ca,On-site,2026-01-08 11:38:49.179210+01:00
77,"chantilly, va",chantilly,va,On-site,2026-01-08 11:38:49.179210+01:00
78,"charleston, sc",charleston,sc,On-site,2026-01-08 11:38:49.179210+01:00
79,"charlotte, nc",charlotte,nc,On-site,2026-01-08 11:38:49.179210+01:00
80,che,che,Not Specified,On-site,2026-01-08 11:38:49.179210+01:00
81,"chesapeake, va",chesapeake,va,On-site,2026-01-08 11:38:49.179210+01:00
82,"chesterfield, mo",chesterfield,mo,On-site,2026-01-08 11:38:49.179210+01:00
83,"chevy chase, md",chevy chase,md,On-site,2026-01-08 11:38:49.179210+01:00
84,"chicago, il",chicago,il,On-site,2026-01-08 11:38:49.179210+01:00
85,china,china,Not Specified,On-site,2026-01-08 11:38:49.179210+01:00
86,cincinnati metropolitan area,cincinnati metropolitan area,Not Specified,On-site,2026-01-08 11:38:49.179210+01:00
87,"cincinnati, oh",cincinnati,oh,On-site,2026-01-08 11:38:49.179210+01:00
88,"clearwater, fl",clearwater,fl,On-site,2026-01-08 11:38:49.179210+01:00
89,"cleveland, oh",cleveland,oh,On-site,2026-01-08 11:38:49.179210+01:00
90,"clive, ia",clive,ia,On-site,2026-01-08 11:38:49.179210+01:00
91,col,col,Not Specified,On-site,2026-01-08 11:38:49.179210+01:00
92,"college park, md",college park,md,On-site,2026-01-08 11:38:49.179210+01:00
93,colombia,colombia,Not Specified,On-site,2026-01-08 11:38:49.179210+01:00
94,"colorado springs, co",colorado springs,co,On-site,2026-01-08 11:38:49.179210+01:00
95,"colorado, united states",colorado,united states,On-site,2026-01-08 11:38:49.179210+01:00
96,"columbia, md",columbia,md,On-site,2026-01-08 11:38:49.179210+01:00
97,"columbia, sc",columbia,sc,On-site,2026-01-08 11:38:49.179210+01:00
98,"columbus, oh",columbus,oh,On-site,2026-01-08 11:38:49.179210+01:00
99,"conroe, tx",conroe,tx,On-site,2026-01-08 11:38:49.179210+01:00
100,"coral gables, fl",coral gables,fl,On-site,2026-01-08 11:38:49.179210+01:00
101,"core, wv",core,wv,On-site,2026-01-08 11:38:49.179210+01:00
102,"costa mesa, ca",costa mesa,ca,On-site,2026-01-08 11:38:49.179210+01:00
103,costa rica,costa rica,Not Specified,On-site,2026-01-08 11:38:49.179210+01:00
104,"cuautlancingo, puebla, mexico",cuautlancingo,"puebla, mexico",On-site,2026-01-08 11:38:49.179210+01:00
105,"culver city, ca",culver city,ca,On-site,2026-01-08 11:38:49.179210+01:00
106,cyp,cyp,Not Specified,On-site,2026-01-08 11:38:49.179210+01:00
107,cyprus,cyprus,Not Specified,On-site,2026-01-08 11:38:49.179210+01:00
108,cze,cze,Not Specified,On-site,2026-01-08 11:38:49.179210+01:00
109,czech republic,czech republic,Not Specified,On-site,2026-01-08 11:38:49.179210+01:00
110,"dallas, tx",dallas,tx,On-site,2026-01-08 11:38:49.179210+01:00
111,"daytona beach, fl",daytona beach,fl,On-site,2026-01-08 11:38:49.179210+01:00
112,"dearborn, mi",dearborn,mi,On-site,2026-01-08 11:38:49.179210+01:00
113,"delray beach, fl",delray beach,fl,On-site,2026-01-08 11:38:49.179210+01:00
114,denmark,denmark,Not Specified,On-site,2026-01-08 11:38:49.179210+01:00
115,denver metropolitan area,denver metropolitan area,Not Specified,On-site,2026-01-08 11:38:49.179210+01:00
116,"denver, co",denver,co,On-site,2026-01-08 11:38:49.179210+01:00
117,"des moines, ia",des moines,ia,On-site,2026-01-08 11:38:49.179210+01:00
118,detroit metropolitan area,detroit metropolitan area,Not Specified,On-site,2026-01-08 11:38:49.179210+01:00
119,"detroit, mi",detroit,mi,On-site,2026-01-08 11:38:49.179210+01:00
120,deu,deu,Not Specified,On-site,2026-01-08 11:38:49.179210+01:00
121,"diamond bar, ca",diamond bar,ca,On-site,2026-01-08 11:38:49.179210+01:00
122,"district of columbia, united states",district of columbia,united states,On-site,2026-01-08 11:38:49.179210+01:00
123,dnk,dnk,Not Specified,On-site,2026-01-08 11:38:49.179210+01:00
124,"doral, fl",doral,fl,On-site,2026-01-08 11:38:49.179210+01:00
125,"downey, ca",downey,ca,On-site,2026-01-08 11:38:49.179210+01:00
126,"draper, ut",draper,ut,On-site,2026-01-08 11:38:49.179210+01:00
127,"dublin, oh",dublin,oh,On-site,2026-01-08 11:38:49.179210+01:00
128,"dulles, va",dulles,va,On-site,2026-01-08 11:38:49.179210+01:00
129,"dunwoody, ga",dunwoody,ga,On-site,2026-01-08 11:38:49.179210+01:00
130,"durham, nc",durham,nc,On-site,2026-01-08 11:38:49.179210+01:00
131,"easton, pa",easton,pa,On-site,2026-01-08 11:38:49.179210+01:00
132,ecuador,ecuador,Not Specified,On-site,2026-01-08 11:38:49.179210+01:00
133,"eden prairie, mn",eden prairie,mn,On-site,2026-01-08 11:38:49.179210+01:00
134,"edison, nj",edison,nj,On-site,2026-01-08 11:38:49.179210+01:00
135,egypt,egypt,Not Specified,On-site,2026-01-08 11:38:49.179210+01:00
136,"el paso, tx",el paso,tx,On-site,2026-01-08 11:38:49.179210+01:00
137,"el segundo, ca",el segundo,ca,On-site,2026-01-08 11:38:49.179210+01:00
138,"emeryville, ca",emeryville,ca,On-site,2026-01-08 11:38:49.179210+01:00
139,"englewood cliffs, nj",englewood cliffs,nj,On-site,2026-01-08 11:38:49.179210+01:00
140,esp,esp,Not Specified,On-site,2026-01-08 11:38:49.179210+01:00
141,est,est,Not Specified,On-site,2026-01-08 11:38:49.179210+01:00
142,estonia,estonia,Not Specified,On-site,2026-01-08 11:38:49.179210+01:00
143,ethiopia,ethiopia,Not Specified,On-site,2026-01-08 11:38:49.179210+01:00
144,"etobicoke, ontario, canada",etobicoke,"ontario, canada",On-site,2026-01-08 11:38:49.179210+01:00
145,"fair lawn, nj",fair lawn,nj,On-site,2026-01-08 11:38:49.179210+01:00
146,"fairfax, va",fairfax,va,On-site,2026-01-08 11:38:49.179210+01:00
147,"farmington, mi",farmington,mi,On-site,2026-01-08 11:38:49.179210+01:00
148,finland,finland,Not Specified,On-site,2026-01-08 11:38:49.179210+01:00
149,"fishers, in",fishers,in,On-site,2026-01-08 11:38:49.179210+01:00
150,"florham park, nj",florham park,nj,On-site,2026-01-08 11:38:49.179210+01:00
151,"florida, united states",florida,united states,On-site,2026-01-08 11:38:49.179210+01:00
152,"fort bliss, tx",fort bliss,tx,On-site,2026-01-08 11:38:49.179210+01:00
153,"fort collins, co",fort collins,co,On-site,2026-01-08 11:38:49.179210+01:00
154,"fort george g. meade, md",fort george g. meade,md,On-site,2026-01-08 11:38:49.179210+01:00
155,"fort lauderdale, fl",fort lauderdale,fl,On-site,2026-01-08 11:38:49.179210+01:00
156,"fort liberty, nc",fort liberty,nc,On-site,2026-01-08 11:38:49.179210+01:00
157,"fort meade, md",fort meade,md,On-site,2026-01-08 11:38:49.179210+01:00
158,"fort mitchell, ky",fort mitchell,ky,On-site,2026-01-08 11:38:49.179210+01:00
159,"fort myers, fl",fort myers,fl,On-site,2026-01-08 11:38:49.179210+01:00
160,"fort worth, tx",fort worth,tx,On-site,2026-01-08 11:38:49.179210+01:00
161,"fountain valley, ca",fountain valley,ca,On-site,2026-01-08 11:38:49.179210+01:00
162,"foxborough (foxboro), ma",foxborough (foxboro),ma,On-site,2026-01-08 11:38:49.179210+01:00
163,fra,fra,Not Specified,On-site,2026-01-08 11:38:49.179210+01:00
164,france,france,Not Specified,On-site,2026-01-08 11:38:49.179210+01:00
165,"frankfort, ky",frankfort,ky,On-site,2026-01-08 11:38:49.179210+01:00
166,"fremont, ca",fremont,ca,On-site,2026-01-08 11:38:49.179210+01:00
167,"gainesville, fl",gainesville,fl,On-site,2026-01-08 11:38:49.179210+01:00
168,gbr,gbr,Not Specified,On-site,2026-01-08 11:38:49.179210+01:00
169,"georgia, united states",georgia,united states,On-site,2026-01-08 11:38:49.179210+01:00
170,germany,germany,Not Specified,On-site,2026-01-08 11:38:49.179210+01:00
171,"glen allen, va",glen allen,va,On-site,2026-01-08 11:38:49.179210+01:00
172,"glen cove, ny",glen cove,ny,On-site,2026-01-08 11:38:49.179210+01:00
173,grc,grc,Not Specified,On-site,2026-01-08 11:38:49.179210+01:00
174,"great neck, ny",great neck,ny,On-site,2026-01-08 11:38:49.179210+01:00
175,"greater birmingham, alabama area",greater birmingham,alabama area,On-site,2026-01-08 11:38:49.179210+01:00
176,greater charlottesville area,greater charlottesville area,Not Specified,On-site,2026-01-08 11:38:49.179210+01:00
177,greater cleveland,greater cleveland,Not Specified,On-site,2026-01-08 11:38:49.179210+01:00
178,greater indianapolis,greater indianapolis,Not Specified,On-site,2026-01-08 11:38:49.179210+01:00
179,greater lexington area,greater lexington area,Not Specified,On-site,2026-01-08 11:38:49.179210+01:00
180,greater macon,greater macon,Not Specified,On-site,2026-01-08 11:38:49.179210+01:00
181,greater philadelphia,greater philadelphia,Not Specified,On-site,2026-01-08 11:38:49.179210+01:00
182,greater seattle area,greater seattle area,Not Specified,On-site,2026-01-08 11:38:49.179210+01:00
183,"greater toronto area, canada",greater toronto area,canada,On-site,2026-01-08 11:38:49.179210+01:00
184,greece,greece,Not Specified,On-site,2026-01-08 11:38:49.179210+01:00
185,"green bay, wi",green bay,wi,On-site,2026-01-08 11:38:49.179210+01:00
186,"greenfield, in",greenfield,in,On-site,2026-01-08 11:38:49.179210+01:00
187,"greensboro, nc",greensboro,nc,On-site,2026-01-08 11:38:49.179210+01:00
188,greensboro--winston-salem--high point area,greensboro--winston-salem--high point area,Not Specified,On-site,2026-01-08 11:38:49.179210+01:00
189,"greenwood village, co",greenwood village,co,On-site,2026-01-08 11:38:49.179210+01:00
190,"greenwood, in",greenwood,in,On-site,2026-01-08 11:38:49.179210+01:00
191,"greer, sc",greer,sc,On-site,2026-01-08 11:38:49.179210+01:00
192,"gulfport, ms",gulfport,ms,On-site,2026-01-08 11:38:49.179210+01:00
193,"halifax, nova scotia, canada",halifax,"nova scotia, canada",On-site,2026-01-08 11:38:49.179210+01:00
194,"hanscom afb, ma",hanscom afb,ma,On-site,2026-01-08 11:38:49.179210+01:00
195,"hartford, ct",hartford,ct,On-site,2026-01-08 11:38:49.179210+01:00
196,"hawaii, united states",hawaii,united states,On-site,2026-01-08 11:38:49.179210+01:00
197,"hawthorne, ca",hawthorne,ca,On-site,2026-01-08 11:38:49.179210+01:00
198,"hayward, ca",hayward,ca,On-site,2026-01-08 11:38:49.179210+01:00
199,"herndon, va",herndon,va,On-site,2026-01-08 11:38:49.179210+01:00
200,"hoboken, nj",hoboken,nj,On-site,2026-01-08 11:38:49.179210+01:00
201,"home, ks",home,ks,On-site,2026-01-08 11:38:49.179210+01:00
202,"honesdale, pa",honesdale,pa,On-site,2026-01-08 11:38:49.179210+01:00
203,hong kong,hong kong,Not Specified,On-site,2026-01-08 11:38:49.179210+01:00
204,"honolulu, hi",honolulu,hi,On-site,2026-01-08 11:38:49.179210+01:00
205,"hopkins, mn",hopkins,mn,On-site,2026-01-08 11:38:49.179210+01:00
206,houma-thibodaux area,houma-thibodaux area,Not Specified,On-site,2026-01-08 11:38:49.179210+01:00
207,"houston, tx",houston,tx,On-site,2026-01-08 11:38:49.179210+01:00
208,hrv,hrv,Not Specified,On-site,2026-01-08 11:38:49.179210+01:00
209,hungary,hungary,Not Specified,On-site,2026-01-08 11:38:49.179210+01:00
210,"huntersville, nc",huntersville,nc,On-site,2026-01-08 11:38:49.179210+01:00
211,"huntsville, al",huntsville,al,On-site,2026-01-08 11:38:49.179210+01:00
212,iceland,iceland,Not Specified,On-site,2026-01-08 11:38:49.179210+01:00
213,idn,idn,Not Specified,On-site,2026-01-08 11:38:49.179210+01:00
214,"illinois, united states",illinois,united states,On-site,2026-01-08 11:38:49.179210+01:00
215,ind,ind,Not Specified,On-site,2026-01-08 11:38:49.179210+01:00
216,india,india,Not Specified,On-site,2026-01-08 11:38:49.179210+01:00
217,"indiana, united states",indiana,united states,On-site,2026-01-08 11:38:49.179210+01:00
218,"indianapolis, in",indianapolis,in,On-site,2026-01-08 11:38:49.179210+01:00
219,indonesia,indonesia,Not Specified,On-site,2026-01-08 11:38:49.179210+01:00
220,ireland,ireland,Not Specified,On-site,2026-01-08 11:38:49.179210+01:00
221,"irvine, ca",irvine,ca,On-site,2026-01-08 11:38:49.179210+01:00
222,"irving, tx",irving,tx,On-site,2026-01-08 11:38:49.179210+01:00
223,"iselin, nj",iselin,nj,On-site,2026-01-08 11:38:49.179210+01:00
224,isl,isl,Not Specified,On-site,2026-01-08 11:38:49.179210+01:00
225,isle of man,isle of man,Not Specified,On-site,2026-01-08 11:38:49.179210+01:00
226,israel,israel,Not Specified,On-site,2026-01-08 11:38:49.179210+01:00
227,"issaquah, wa",issaquah,wa,On-site,2026-01-08 11:38:49.179210+01:00
228,ita,ita,Not Specified,On-site,2026-01-08 11:38:49.179210+01:00
229,italy,italy,Not Specified,On-site,2026-01-08 11:38:49.179210+01:00
230,"jacksonville, fl",jacksonville,fl,On-site,2026-01-08 11:38:49.179210+01:00
231,jam,jam,Not Specified,On-site,2026-01-08 11:38:49.179210+01:00
232,japan,japan,Not Specified,On-site,2026-01-08 11:38:49.179210+01:00
233,"jersey city, nj",jersey city,nj,On-site,2026-01-08 11:38:49.179210+01:00
234,"johns creek, ga",johns creek,ga,On-site,2026-01-08 11:38:49.179210+01:00
235,"johnston, ia",johnston,ia,On-site,2026-01-08 11:38:49.179210+01:00
236,"johnston, ri",johnston,ri,On-site,2026-01-08 11:38:49.179210+01:00
237,jordan,jordan,Not Specified,On-site,2026-01-08 11:38:49.179210+01:00
238,jpn,jpn,Not Specified,On-site,2026-01-08 11:38:49.179210+01:00
239,"kailua, hi",kailua,hi,On-site,2026-01-08 11:38:49.179210+01:00
240,"kalamazoo, mi",kalamazoo,mi,On-site,2026-01-08 11:38:49.179210+01:00
241,kansas city metropolitan area,kansas city metropolitan area,Not Specified,On-site,2026-01-08 11:38:49.179210+01:00
242,"kansas city, ks",kansas city,ks,On-site,2026-01-08 11:38:49.179210+01:00
243,"kansas city, mo",kansas city,mo,On-site,2026-01-08 11:38:49.179210+01:00
244,"katy, tx",katy,tx,On-site,2026-01-08 11:38:49.179210+01:00
245,ken,ken,Not Specified,On-site,2026-01-08 11:38:49.179210+01:00
246,"kennesaw, ga",kennesaw,ga,On-site,2026-01-08 11:38:49.179210+01:00
247,"kentucky, united states",kentucky,united states,On-site,2026-01-08 11:38:49.179210+01:00
248,kenya,kenya,Not Specified,On-site,2026-01-08 11:38:49.179210+01:00
249,"king of prussia, pa",king of prussia,pa,On-site,2026-01-08 11:38:49.179210+01:00
250,"kirkland, wa",kirkland,wa,On-site,2026-01-08 11:38:49.179210+01:00
251,"kitchener, ontario, canada",kitchener,"ontario, canada",On-site,2026-01-08 11:38:49.179210+01:00
252,"klamath falls, or",klamath falls,or,On-site,2026-01-08 11:38:49.179210+01:00
253,kuwait,kuwait,Not Specified,On-site,2026-01-08 11:38:49.179210+01:00
254,"la jolla, ca",la jolla,ca,On-site,2026-01-08 11:38:49.179210+01:00
255,"la mirada, ca",la mirada,ca,On-site,2026-01-08 11:38:49.179210+01:00
256,"lake county, il",lake county,il,On-site,2026-01-08 11:38:49.179210+01:00
257,"lake forest, il",lake forest,il,On-site,2026-01-08 11:38:49.179210+01:00
258,"lake st louis, mo",lake st louis,mo,On-site,2026-01-08 11:38:49.179210+01:00
259,"lancaster, pa",lancaster,pa,On-site,2026-01-08 11:38:49.179210+01:00
260,"las vegas, nv",las vegas,nv,On-site,2026-01-08 11:38:49.179210+01:00
261,"latham, ny",latham,ny,On-site,2026-01-08 11:38:49.179210+01:00
262,lbn,lbn,Not Specified,On-site,2026-01-08 11:38:49.179210+01:00
263,"leamington, ontario, canada",leamington,"ontario, canada",On-site,2026-01-08 11:38:49.179210+01:00
264,"leawood, ks",leawood,ks,On-site,2026-01-08 11:38:49.179210+01:00
265,lebanon,lebanon,Not Specified,On-site,2026-01-08 11:38:49.179210+01:00
266,"lees summit, mo",lees summit,mo,On-site,2026-01-08 11:38:49.179210+01:00
267,"leesburg, va",leesburg,va,On-site,2026-01-08 11:38:49.179210+01:00
268,"lehi, ut",lehi,ut,On-site,2026-01-08 11:38:49.179210+01:00
269,"lenexa, ks",lenexa,ks,On-site,2026-01-08 11:38:49.179210+01:00
270,"linthicum heights, md",linthicum heights,md,On-site,2026-01-08 11:38:49.179210+01:00
271,"littleton, ma",littleton,ma,On-site,2026-01-08 11:38:49.179210+01:00
272,"livingston, nj",livingston,nj,On-site,2026-01-08 11:38:49.179210+01:00
273,"livonia, mi",livonia,mi,On-site,2026-01-08 11:38:49.179210+01:00
274,"los angeles county, ca",los angeles county,ca,On-site,2026-01-08 11:38:49.179210+01:00
275,los angeles metropolitan area,los angeles metropolitan area,Not Specified,On-site,2026-01-08 11:38:49.179210+01:00
276,"los angeles, ca",los angeles,ca,On-site,2026-01-08 11:38:49.179210+01:00
277,"los gatos, ca",los gatos,ca,On-site,2026-01-08 11:38:49.179210+01:00
278,"loudon, tn",loudon,tn,On-site,2026-01-08 11:38:49.179210+01:00
279,"louisville, ky",louisville,ky,On-site,2026-01-08 11:38:49.179210+01:00
280,lux,lux,Not Specified,On-site,2026-01-08 11:38:49.179210+01:00
281,"maine, united states",maine,united states,On-site,2026-01-08 11:38:49.179210+01:00
282,"malvern, pa",malvern,pa,On-site,2026-01-08 11:38:49.179210+01:00
283,"manassas, va",manassas,va,On-site,2026-01-08 11:38:49.179210+01:00
284,"manhattan, ny",manhattan,ny,On-site,2026-01-08 11:38:49.179210+01:00
285,"maple grove, mn",maple grove,mn,On-site,2026-01-08 11:38:49.179210+01:00
286,mar,mar,Not Specified,On-site,2026-01-08 11:38:49.179210+01:00
287,"marietta, ga",marietta,ga,On-site,2026-01-08 11:38:49.179210+01:00
288,"marietta, pa",marietta,pa,On-site,2026-01-08 11:38:49.179210+01:00
289,"markham, ontario, canada",markham,"ontario, canada",On-site,2026-01-08 11:38:49.179210+01:00
290,"marshall, mn",marshall,mn,On-site,2026-01-08 11:38:49.179210+01:00
291,"maryland, united states",maryland,united states,On-site,2026-01-08 11:38:49.179210+01:00
292,"marysville, oh",marysville,oh,On-site,2026-01-08 11:38:49.179210+01:00
293,"mason, oh",mason,oh,On-site,2026-01-08 11:38:49.179210+01:00
294,"massachusetts, united states",massachusetts,united states,On-site,2026-01-08 11:38:49.179210+01:00
295,"mclean, va",mclean,va,On-site,2026-01-08 11:38:49.179210+01:00
296,"mebane, nc",mebane,nc,On-site,2026-01-08 11:38:49.179210+01:00
297,"medina, mn",medina,mn,On-site,2026-01-08 11:38:49.179210+01:00
298,"melbourne, fl",melbourne,fl,On-site,2026-01-08 11:38:49.179210+01:00
299,"memphis, tn",memphis,tn,On-site,2026-01-08 11:38:49.179210+01:00
300,"menlo park, ca",menlo park,ca,On-site,2026-01-08 11:38:49.179210+01:00
301,"mesa, az",mesa,az,On-site,2026-01-08 11:38:49.179210+01:00
302,"mesquite, tx",mesquite,tx,On-site,2026-01-08 11:38:49.179210+01:00
303,"mexico city, mexico",mexico city,mexico,On-site,2026-01-08 11:38:49.179210+01:00
304,"miami beach, fl",miami beach,fl,On-site,2026-01-08 11:38:49.179210+01:00
305,"miami, fl",miami,fl,On-site,2026-01-08 11:38:49.179210+01:00
306,"michigan, united states",michigan,united states,On-site,2026-01-08 11:38:49.179210+01:00
307,"middlesex county, nj",middlesex county,nj,On-site,2026-01-08 11:38:49.179210+01:00
308,"middletown, ri",middletown,ri,On-site,2026-01-08 11:38:49.179210+01:00
309,"midland, tx",midland,tx,On-site,2026-01-08 11:38:49.179210+01:00
310,midland-odessa area,midland-odessa area,Not Specified,On-site,2026-01-08 11:38:49.179210+01:00
311,"milford, nh",milford,nh,On-site,2026-01-08 11:38:49.179210+01:00
312,"milpitas, ca",milpitas,ca,On-site,2026-01-08 11:38:49.179210+01:00
313,"minneapolis, mn",minneapolis,mn,On-site,2026-01-08 11:38:49.179210+01:00
314,"minnetonka, mn",minnetonka,mn,On-site,2026-01-08 11:38:49.179210+01:00
315,"miramar, fl",miramar,fl,On-site,2026-01-08 11:38:49.179210+01:00
316,"mississauga, ontario, canada",mississauga,"ontario, canada",On-site,2026-01-08 11:38:49.179210+01:00
317,"missouri, united states",missouri,united states,On-site,2026-01-08 11:38:49.179210+01:00
318,"mobile, al",mobile,al,On-site,2026-01-08 11:38:49.179210+01:00
319,monaco,monaco,Not Specified,On-site,2026-01-08 11:38:49.179210+01:00
320,"montreal, quebec, canada",montreal,"quebec, canada",On-site,2026-01-08 11:38:49.179210+01:00
321,"morgan hill, ca",morgan hill,ca,On-site,2026-01-08 11:38:49.179210+01:00
322,"morgantown, wv",morgantown,wv,On-site,2026-01-08 11:38:49.179210+01:00
323,morocco,morocco,Not Specified,On-site,2026-01-08 11:38:49.179210+01:00
324,"mount dora, fl",mount dora,fl,On-site,2026-01-08 11:38:49.179210+01:00
325,"mount laurel, nj",mount laurel,nj,On-site,2026-01-08 11:38:49.179210+01:00
326,"mountain view, ca",mountain view,ca,On-site,2026-01-08 11:38:49.179210+01:00
327,"murphy, tx",murphy,tx,On-site,2026-01-08 11:38:49.179210+01:00
328,mus,mus,Not Specified,On-site,2026-01-08 11:38:49.179210+01:00
329,"mérida, yucatán, mexico",mérida,"yucatán, mexico",On-site,2026-01-08 11:38:49.179210+01:00
330,"méxico, mexico",méxico,mexico,On-site,2026-01-08 11:38:49.179210+01:00
331,"napa, ca",napa,ca,On-site,2026-01-08 11:38:49.179210+01:00
332,"nashua, nh",nashua,nh,On-site,2026-01-08 11:38:49.179210+01:00
333,"nashville, tn",nashville,tn,On-site,2026-01-08 11:38:49.179210+01:00
334,"natick, ma",natick,ma,On-site,2026-01-08 11:38:49.179210+01:00
335,netherlands,netherlands,Not Specified,On-site,2026-01-08 11:38:49.179210+01:00
336,"new haven, ct",new haven,ct,On-site,2026-01-08 11:38:49.179210+01:00
337,"new jersey, united states",new jersey,united states,On-site,2026-01-08 11:38:49.179210+01:00
338,"new london county, ct",new london county,ct,On-site,2026-01-08 11:38:49.179210+01:00
339,"new orleans, la",new orleans,la,On-site,2026-01-08 11:38:49.179210+01:00
340,new york city metropolitan area,new york city metropolitan area,Not Specified,On-site,2026-01-08 11:38:49.179210+01:00
341,"new york, ny",new york,ny,On-site,2026-01-08 11:38:49.179210+01:00
342,"new york, united states",new york,united states,On-site,2026-01-08 11:38:49.179210+01:00
343,new zealand,new zealand,Not Specified,On-site,2026-01-08 11:38:49.179210+01:00
344,"newark, ca",newark,ca,On-site,2026-01-08 11:38:49.179210+01:00
345,"newark, nj",newark,nj,On-site,2026-01-08 11:38:49.179210+01:00
346,"newark, oh",newark,oh,On-site,2026-01-08 11:38:49.179210+01:00
347,"newport beach, ca",newport beach,ca,On-site,2026-01-08 11:38:49.179210+01:00
348,"newtok, ak",newtok,ak,On-site,2026-01-08 11:38:49.179210+01:00
349,nga,nga,Not Specified,On-site,2026-01-08 11:38:49.179210+01:00
350,nigeria,nigeria,Not Specified,On-site,2026-01-08 11:38:49.179210+01:00
351,nld,nld,Not Specified,On-site,2026-01-08 11:38:49.179210+01:00
352,"noblesville, in",noblesville,in,On-site,2026-01-08 11:38:49.179210+01:00
353,nor,nor,Not Specified,On-site,2026-01-08 11:38:49.179210+01:00
354,"norfolk, va",norfolk,va,On-site,2026-01-08 11:38:49.179210+01:00
355,"north carolina, united states",north carolina,united states,On-site,2026-01-08 11:38:49.179210+01:00
356,"north chicago, il",north chicago,il,On-site,2026-01-08 11:38:49.179210+01:00
357,"north vancouver, british columbia, canada",north vancouver,"british columbia, canada",On-site,2026-01-08 11:38:49.179210+01:00
358,"north, sc",north,sc,On-site,2026-01-08 11:38:49.179210+01:00
359,"norwalk, ct",norwalk,ct,On-site,2026-01-08 11:38:49.179210+01:00
360,norway,norway,Not Specified,On-site,2026-01-08 11:38:49.179210+01:00
361,nzl,nzl,Not Specified,On-site,2026-01-08 11:38:49.179210+01:00
362,"oak ridge, tn",oak ridge,tn,On-site,2026-01-08 11:38:49.179210+01:00
363,"oak view, ca",oak view,ca,On-site,2026-01-08 11:38:49.179210+01:00
364,"oakland, ca",oakland,ca,On-site,2026-01-08 11:38:49.179210+01:00
365,"oceanside, ca",oceanside,ca,On-site,2026-01-08 11:38:49.179210+01:00
366,"offutt air force base, ne",offutt air force base,ne,On-site,2026-01-08 11:38:49.179210+01:00
367,"ogden, ut",ogden,ut,On-site,2026-01-08 11:38:49.179210+01:00
368,"ohio, oh",ohio,oh,On-site,2026-01-08 11:38:49.179210+01:00
369,"ohio, united states",ohio,united states,On-site,2026-01-08 11:38:49.179210+01:00
370,"olathe, ks",olathe,ks,On-site,2026-01-08 11:38:49.179210+01:00
371,"omaha, ne",omaha,ne,On-site,2026-01-08 11:38:49.179210+01:00
372,oman,oman,Not Specified,On-site,2026-01-08 11:38:49.179210+01:00
373,"onalaska, wi",onalaska,wi,On-site,2026-01-08 11:38:49.179210+01:00
374,"ontario, or",ontario,or,On-site,2026-01-08 11:38:49.179210+01:00
375,"orange, ca",orange,ca,On-site,2026-01-08 11:38:49.179210+01:00
376,"orlando, fl",orlando,fl,On-site,2026-01-08 11:38:49.179210+01:00
377,"oswego, il",oswego,il,On-site,2026-01-08 11:38:49.179210+01:00
378,"ottawa, ontario, canada",ottawa,"ontario, canada",On-site,2026-01-08 11:38:49.179210+01:00
379,"overland park, ks",overland park,ks,On-site,2026-01-08 11:38:49.179210+01:00
380,"pacific, british columbia, canada",pacific,"british columbia, canada",On-site,2026-01-08 11:38:49.179210+01:00
381,pak,pak,Not Specified,On-site,2026-01-08 11:38:49.179210+01:00
382,pakistan,pakistan,Not Specified,On-site,2026-01-08 11:38:49.179210+01:00
383,"palo alto, ca",palo alto,ca,On-site,2026-01-08 11:38:49.179210+01:00
384,panama,panama,Not Specified,On-site,2026-01-08 11:38:49.179210+01:00
385,"parsippany, nj",parsippany,nj,On-site,2026-01-08 11:38:49.179210+01:00
386,"pateros, wa",pateros,wa,On-site,2026-01-08 11:38:49.179210+01:00
387,"patuxent, md",patuxent,md,On-site,2026-01-08 11:38:49.179210+01:00
388,"pawtucket, ri",pawtucket,ri,On-site,2026-01-08 11:38:49.179210+01:00
389,"pennsylvania, united states",pennsylvania,united states,On-site,2026-01-08 11:38:49.179210+01:00
390,"penrose, co",penrose,co,On-site,2026-01-08 11:38:49.179210+01:00
391,"philadelphia, pa",philadelphia,pa,On-site,2026-01-08 11:38:49.179210+01:00
392,philippines,philippines,Not Specified,On-site,2026-01-08 11:38:49.179210+01:00
393,"phoenix, az",phoenix,az,On-site,2026-01-08 11:38:49.179210+01:00
394,"pittsburgh, pa",pittsburgh,pa,On-site,2026-01-08 11:38:49.179210+01:00
395,"plainfield, in",plainfield,in,On-site,2026-01-08 11:38:49.179210+01:00
396,"plano, tx",plano,tx,On-site,2026-01-08 11:38:49.179210+01:00
397,"plantation, fl",plantation,fl,On-site,2026-01-08 11:38:49.179210+01:00
398,"pleasanton, ca",pleasanton,ca,On-site,2026-01-08 11:38:49.179210+01:00
399,"plum, pa",plum,pa,On-site,2026-01-08 11:38:49.179210+01:00
400,"plymouth meeting, pa",plymouth meeting,pa,On-site,2026-01-08 11:38:49.179210+01:00
401,"plymouth, mn",plymouth,mn,On-site,2026-01-08 11:38:49.179210+01:00
402,pol,pol,Not Specified,On-site,2026-01-08 11:38:49.179210+01:00
403,"polanco, mexico city, mexico",polanco,"mexico city, mexico",On-site,2026-01-08 11:38:49.179210+01:00
404,poland,poland,Not Specified,On-site,2026-01-08 11:38:49.179210+01:00
405,"poland, oh",poland,oh,On-site,2026-01-08 11:38:49.179210+01:00
406,"port washington, ny",port washington,ny,On-site,2026-01-08 11:38:49.179210+01:00
407,"portland, me",portland,me,On-site,2026-01-08 11:38:49.179210+01:00
408,"portland, or",portland,or,On-site,2026-01-08 11:38:49.179210+01:00
409,"post falls, id",post falls,id,On-site,2026-01-08 11:38:49.179210+01:00
410,"princeton, nj",princeton,nj,On-site,2026-01-08 11:38:49.179210+01:00
411,prt,prt,Not Specified,On-site,2026-01-08 11:38:49.179210+01:00
412,puerto rico,puerto rico,Not Specified,On-site,2026-01-08 11:38:49.179210+01:00
413,"purchase, ny",purchase,ny,On-site,2026-01-08 11:38:49.179210+01:00
414,qatar,qatar,Not Specified,On-site,2026-01-08 11:38:49.179210+01:00
415,"quantico, va",quantico,va,On-site,2026-01-08 11:38:49.179210+01:00
416,"queens, ny",queens,ny,On-site,2026-01-08 11:38:49.179210+01:00
417,"raleigh, nc",raleigh,nc,On-site,2026-01-08 11:38:49.179210+01:00
418,raleigh-durham-chapel hill area,raleigh-durham-chapel hill area,Not Specified,On-site,2026-01-08 11:38:49.179210+01:00
419,"raritan, nj",raritan,nj,On-site,2026-01-08 11:38:49.179210+01:00
420,"reading, pa",reading,pa,On-site,2026-01-08 11:38:49.179210+01:00
421,"redondo beach, ca",redondo beach,ca,On-site,2026-01-08 11:38:49.179210+01:00
422,"redwood city, ca",redwood city,ca,On-site,2026-01-08 11:38:49.179210+01:00
423,"reno, nv",reno,nv,On-site,2026-01-08 11:38:49.179210+01:00
424,"reston, va",reston,va,On-site,2026-01-08 11:38:49.179210+01:00
425,"richardson, tx",richardson,tx,On-site,2026-01-08 11:38:49.179210+01:00
426,"richmond, british columbia, canada",richmond,"british columbia, canada",On-site,2026-01-08 11:38:49.179210+01:00
427,"richmond, va",richmond,va,On-site,2026-01-08 11:38:49.179210+01:00
428,"ridgefield, ct",ridgefield,ct,On-site,2026-01-08 11:38:49.179210+01:00
429,"riverside, ca",riverside,ca,On-site,2026-01-08 11:38:49.179210+01:00
430,"roanoke, va",roanoke,va,On-site,2026-01-08 11:38:49.179210+01:00
431,"rochester, mn",rochester,mn,On-site,2026-01-08 11:38:49.179210+01:00
432,"rockledge, fl",rockledge,fl,On-site,2026-01-08 11:38:49.179210+01:00
433,"rockville, md",rockville,md,On-site,2026-01-08 11:38:49.179210+01:00
434,"rockwall, tx",rockwall,tx,On-site,2026-01-08 11:38:49.179210+01:00
435,rou,rou,Not Specified,On-site,2026-01-08 11:38:49.179210+01:00
436,"rowlett, tx",rowlett,tx,On-site,2026-01-08 11:38:49.179210+01:00
437,"sacramento, ca",sacramento,ca,On-site,2026-01-08 11:38:49.179210+01:00
438,"salinas, ca",salinas,ca,On-site,2026-01-08 11:38:49.179210+01:00
439,"salt lake city, ut",salt lake city,ut,On-site,2026-01-08 11:38:49.179210+01:00
440,"san antonio, texas metropolitan area",san antonio,texas metropolitan area,On-site,2026-01-08 11:38:49.179210+01:00
441,"san antonio, tx",san antonio,tx,On-site,2026-01-08 11:38:49.179210+01:00
442,"san bruno, ca",san bruno,ca,On-site,2026-01-08 11:38:49.179210+01:00
443,"san carlos, ca",san carlos,ca,On-site,2026-01-08 11:38:49.179210+01:00
444,"san diego, ca",san diego,ca,On-site,2026-01-08 11:38:49.179210+01:00
445,san francisco bay area,san francisco bay area,Not Specified,On-site,2026-01-08 11:38:49.179210+01:00
446,"san francisco, ca",san francisco,ca,On-site,2026-01-08 11:38:49.179210+01:00
447,"san jose, ca",san jose,ca,On-site,2026-01-08 11:38:49.179210+01:00
448,"san leandro, ca",san leandro,ca,On-site,2026-01-08 11:38:49.179210+01:00
449,"san mateo, ca",san mateo,ca,On-site,2026-01-08 11:38:49.179210+01:00
450,"san rafael, ca",san rafael,ca,On-site,2026-01-08 11:38:49.179210+01:00
451,"sandy springs, ga",sandy springs,ga,On-site,2026-01-08 11:38:49.179210+01:00
452,"santa clara, ca",santa clara,ca,On-site,2026-01-08 11:38:49.179210+01:00
453,"santa monica, ca",santa monica,ca,On-site,2026-01-08 11:38:49.179210+01:00
454,"sarasota, fl",sarasota,fl,On-site,2026-01-08 11:38:49.179210+01:00
455,sau,sau,Not Specified,On-site,2026-01-08 11:38:49.179210+01:00
456,saudi arabia,saudi arabia,Not Specified,On-site,2026-01-08 11:38:49.179210+01:00
457,"savannah, ga",savannah,ga,On-site,2026-01-08 11:38:49.179210+01:00
458,"schaumburg, il",schaumburg,il,On-site,2026-01-08 11:38:49.179210+01:00
459,"schenectady, ny",schenectady,ny,On-site,2026-01-08 11:38:49.179210+01:00
460,"scottsdale, az",scottsdale,az,On-site,2026-01-08 11:38:49.179210+01:00
461,"seattle, wa",seattle,wa,On-site,2026-01-08 11:38:49.179210+01:00
462,"secaucus, nj",secaucus,nj,On-site,2026-01-08 11:38:49.179210+01:00
463,serbia,serbia,Not Specified,On-site,2026-01-08 11:38:49.179210+01:00
464,"seville, oh",seville,oh,On-site,2026-01-08 11:38:49.179210+01:00
465,sgp,sgp,Not Specified,On-site,2026-01-08 11:38:49.179210+01:00
466,"sharonville, oh",sharonville,oh,On-site,2026-01-08 11:38:49.179210+01:00
467,"show low, az",show low,az,On-site,2026-01-08 11:38:49.179210+01:00
468,"silver spring, md",silver spring,md,On-site,2026-01-08 11:38:49.179210+01:00
469,singapore,singapore,Not Specified,On-site,2026-01-08 11:38:49.179210+01:00
470,"sioux falls, sd",sioux falls,sd,On-site,2026-01-08 11:38:49.179210+01:00
471,"slater, ia",slater,ia,On-site,2026-01-08 11:38:49.179210+01:00
472,slovenia,slovenia,Not Specified,On-site,2026-01-08 11:38:49.179210+01:00
473,"smyrna, de",smyrna,de,On-site,2026-01-08 11:38:49.179210+01:00
474,somalia,somalia,Not Specified,On-site,2026-01-08 11:38:49.179210+01:00
475,"somerset, nj",somerset,nj,On-site,2026-01-08 11:38:49.179210+01:00
476,"somerville, ma",somerville,ma,On-site,2026-01-08 11:38:49.179210+01:00
477,south africa,south africa,Not Specified,On-site,2026-01-08 11:38:49.179210+01:00
478,south korea,south korea,Not Specified,On-site,2026-01-08 11:38:49.179210+01:00
479,"south san francisco, ca",south san francisco,ca,On-site,2026-01-08 11:38:49.179210+01:00
480,"southlake, tx",southlake,tx,On-site,2026-01-08 11:38:49.179210+01:00
481,spain,spain,Not Specified,On-site,2026-01-08 11:38:49.179210+01:00
482,"spartanburg, sc",spartanburg,sc,On-site,2026-01-08 11:38:49.179210+01:00
483,"spring, tx",spring,tx,On-site,2026-01-08 11:38:49.179210+01:00
484,"springfield, ma",springfield,ma,On-site,2026-01-08 11:38:49.179210+01:00
485,"springfield, va",springfield,va,On-site,2026-01-08 11:38:49.179210+01:00
486,srb,srb,Not Specified,On-site,2026-01-08 11:38:49.179210+01:00
487,sri lanka,sri lanka,Not Specified,On-site,2026-01-08 11:38:49.179210+01:00
488,"st louis, mo",st louis,mo,On-site,2026-01-08 11:38:49.179210+01:00
489,"st. petersburg, fl",st. petersburg,fl,On-site,2026-01-08 11:38:49.179210+01:00
490,"stamford, ct",stamford,ct,On-site,2026-01-08 11:38:49.179210+01:00
491,"sugar land, tx",sugar land,tx,On-site,2026-01-08 11:38:49.179210+01:00
492,"sunnyvale, ca",sunnyvale,ca,On-site,2026-01-08 11:38:49.179210+01:00
493,"sunrise, fl",sunrise,fl,On-site,2026-01-08 11:38:49.179210+01:00
494,swe,swe,Not Specified,On-site,2026-01-08 11:38:49.179210+01:00
495,sweden,sweden,Not Specified,On-site,2026-01-08 11:38:49.179210+01:00
496,switzerland,switzerland,Not Specified,On-site,2026-01-08 11:38:49.179210+01:00
497,"syracuse, ny",syracuse,ny,On-site,2026-01-08 11:38:49.179210+01:00
498,"tallahassee, fl",tallahassee,fl,On-site,2026-01-08 11:38:49.179210+01:00
499,"tampa, fl",tampa,fl,On-site,2026-01-08 11:38:49.179210+01:00
500,"tempe, az",tempe,az,On-site,2026-01-08 11:38:49.179210+01:00
501,"tennessee, united states",tennessee,united states,On-site,2026-01-08 11:38:49.179210+01:00
502,"tewksbury, ma",tewksbury,ma,On-site,2026-01-08 11:38:49.179210+01:00
503,"texas, united states",texas,united states,On-site,2026-01-08 11:38:49.179210+01:00
504,thailand,thailand,Not Specified,On-site,2026-01-08 11:38:49.179210+01:00
505,"thief river falls, mn",thief river falls,mn,On-site,2026-01-08 11:38:49.179210+01:00
506,"thomasville, ga",thomasville,ga,On-site,2026-01-08 11:38:49.179210+01:00
507,"thousand oaks, ca",thousand oaks,ca,On-site,2026-01-08 11:38:49.179210+01:00
508,"tlalnepantla, méxico, mexico",tlalnepantla,"méxico, mexico",On-site,2026-01-08 11:38:49.179210+01:00
509,"topeka, ks",topeka,ks,On-site,2026-01-08 11:38:49.179210+01:00
510,"toronto, ontario, canada",toronto,"ontario, canada",On-site,2026-01-08 11:38:49.179210+01:00
511,"torrance, ca",torrance,ca,On-site,2026-01-08 11:38:49.179210+01:00
512,"triangle, nc",triangle,nc,On-site,2026-01-08 11:38:49.179210+01:00
513,"trois-rivières, quebec, canada",trois-rivières,"quebec, canada",On-site,2026-01-08 11:38:49.179210+01:00
514,"tucker, ga",tucker,ga,On-site,2026-01-08 11:38:49.179210+01:00
515,"tulsa, ok",tulsa,ok,On-site,2026-01-08 11:38:49.179210+01:00
516,tun,tun,Not Specified,On-site,2026-01-08 11:38:49.179210+01:00
517,turkey,turkey,Not Specified,On-site,2026-01-08 11:38:49.179210+01:00
518,"tysons corner, va",tysons corner,va,On-site,2026-01-08 11:38:49.179210+01:00
519,ukraine,ukraine,Not Specified,On-site,2026-01-08 11:38:49.179210+01:00
520,united arab emirates,united arab emirates,Not Specified,On-site,2026-01-08 11:38:49.179210+01:00
521,united kingdom,united kingdom,Not Specified,On-site,2026-01-08 11:38:49.179210+01:00
522,united states,united states,Not Specified,On-site,2026-01-08 11:38:49.179210+01:00
523,united states virgin islands,united states virgin islands,Not Specified,On-site,2026-01-08 11:38:49.179210+01:00
524,"united states, us",united states,us,On-site,2026-01-08 11:38:49.179210+01:00
525,"university park, pa",university park,pa,On-site,2026-01-08 11:38:49.179210+01:00
526,ury,ury,Not Specified,On-site,2026-01-08 11:38:49.179210+01:00
527,usa,usa,Not Specified,On-site,2026-01-08 11:38:49.179210+01:00
528,utica-rome area,utica-rome area,Not Specified,On-site,2026-01-08 11:38:49.179210+01:00
529,"valdosta, ga",valdosta,ga,On-site,2026-01-08 11:38:49.179210+01:00
530,"valley, wv",valley,wv,On-site,2026-01-08 11:38:49.179210+01:00
531,"vance, al",vance,al,On-site,2026-01-08 11:38:49.179210+01:00
532,"vancouver, british columbia, canada",vancouver,"british columbia, canada",On-site,2026-01-08 11:38:49.179210+01:00
533,venezuela,venezuela,Not Specified,On-site,2026-01-08 11:38:49.179210+01:00
534,"vienna, va",vienna,va,On-site,2026-01-08 11:38:49.179210+01:00
535,vietnam,vietnam,Not Specified,On-site,2026-01-08 11:38:49.179210+01:00
536,"virginia, united states",virginia,united states,On-site,2026-01-08 11:38:49.179210+01:00
537,vnm,vnm,Not Specified,On-site,2026-01-08 11:38:49.179210+01:00
538,washington dc-baltimore area,washington dc-baltimore area,Not Specified,On-site,2026-01-08 11:38:49.179210+01:00
539,"washington, dc",washington,dc,On-site,2026-01-08 11:38:49.179210+01:00
540,"washington, in",washington,in,On-site,2026-01-08 11:38:49.179210+01:00
541,"washington, united states",washington,united states,On-site,2026-01-08 11:38:49.179210+01:00
542,"weehawken, nj",weehawken,nj,On-site,2026-01-08 11:38:49.179210+01:00
543,"west hartford, ct",west hartford,ct,On-site,2026-01-08 11:38:49.179210+01:00
544,"west hollywood, ca",west hollywood,ca,On-site,2026-01-08 11:38:49.179210+01:00
545,"west mifflin, pa",west mifflin,pa,On-site,2026-01-08 11:38:49.179210+01:00
546,"west palm beach, fl",west palm beach,fl,On-site,2026-01-08 11:38:49.179210+01:00
547,"westfield, in",westfield,in,On-site,2026-01-08 11:38:49.179210+01:00
548,"westlake, oh",westlake,oh,On-site,2026-01-08 11:38:49.179210+01:00
549,"westlake, tx",westlake,tx,On-site,2026-01-08 11:38:49.179210+01:00
550,"westminster, co",westminster,co,On-site,2026-01-08 11:38:49.179210+01:00
551,"weston lakes, tx",weston lakes,tx,On-site,2026-01-08 11:38:49.179210+01:00
552,"westwood, ma",westwood,ma,On-site,2026-01-08 11:38:49.179210+01:00
553,"white plains, ny",white plains,ny,On-site,2026-01-08 11:38:49.179210+01:00
554,"whiteland, in",whiteland,in,On-site,2026-01-08 11:38:49.179210+01:00
555,"whitestown, in",whitestown,in,On-site,2026-01-08 11:38:49.179210+01:00
556,"wichita, ks",wichita,ks,On-site,2026-01-08 11:38:49.179210+01:00
557,"wilmington, ma",wilmington,ma,On-site,2026-01-08 11:38:49.179210+01:00
558,"wilmington, ny",wilmington,ny,On-site,2026-01-08 11:38:49.179210+01:00
559,"winnipeg, manitoba, canada",winnipeg,"manitoba, canada",On-site,2026-01-08 11:38:49.179210+01:00
560,"woodland, ca",woodland,ca,On-site,2026-01-08 11:38:49.179210+01:00
561,"wylie, tx",wylie,tx,On-site,2026-01-08 11:38:49.179210+01:00
562,"wyoming, mn",wyoming,mn,On-site,2026-01-08 11:38:49.179210+01:00
563,zaf,zaf,Not Specified,On-site,2026-01-08 11:38:49.179210+01:00
564,"zionsville, in",zionsville,in,On-site,2026-01-08 11:38:49.179210+01:00
